sample_id,source_dataset,sequence_id,subject_id,camera_id,activity,is_fall,fall_type,path_local,split,license,sha256,frame_count,fps,duration_seconds,width,height,deployment_evidence,fall_start_frame,fall_end_frame,lying_start_frame,notes
urfd-adl-01-cam0,URFD,adl-01,subj-01,cam0,walking,0,none,datasets/raw/urfd/adl-01-cam0.mp4,dev,CC-BY-NC-SA-4.0,b7b0220c8081a9a8b284174f55b7ca56e5bf9a525af1bfda0ae29c73d06016f8,150,30.00,5.000,640,240,1,,,,Normal walking across room
urfd-adl-02-cam0,URFD,adl-02,subj-01,cam0,sitting,0,none,datasets/raw/urfd/adl-02-cam0.mp4,dev,CC-BY-NC-SA-4.0,46d63331b14aeafc0d9cb9ddac1f44f6040a801cad7ba6eba6b930f8a3a5994a,180,30.00,6.000,640,240,1,,,,Sitting in armchair
urfd-adl-03-cam0,URFD,adl-03,subj-01,cam0,bending,0,none,datasets/raw/urfd/adl-03-cam0.mp4,dev,CC-BY-NC-SA-4.0,44ec54c8ee227eaa4998fc5356bf8fd51a7d67d205ec44e3bfc3b4754fb3a3fa,180,30.00,6.000,640,240,1,,,,Picking up keys from floor
urfd-adl-04-cam0,URFD,adl-04,subj-02,cam0,lying,0,none,datasets/raw/urfd/adl-04-cam0.mp4,dev,CC-BY-NC-SA-4.0,2694f06b1277d9de412c3f4d57bcef03f5396866dbfdd17fcc91718083bb8ac0,150,30.00,5.000,640,240,1,,,,Lying down on couch
urfd-adl-05-cam0,URFD,adl-05,subj-02,cam0,walking,0,none,datasets/raw/urfd/adl-05-cam0.mp4,dev,CC-BY-NC-SA-4.0,01265dfff0a718f9b4adfa1a6aeed224d3cd5aa8141c050687703c27c59f607b,180,30.00,6.000,640,240,1,,,,Pacing back and forth
urfd-adl-06-cam0,URFD,adl-06,subj-02,cam0,sitting,0,none,datasets/raw/urfd/adl-06-cam0.mp4,dev,CC-BY-NC-SA-4.0,a1022b9b4e5dbc2670ac5fbfa3854635c881f12a6a2529234fbf61a7fc635b8d,230,30.00,7.667,640,240,1,,,,Sitting on dining chair
urfd-adl-07-cam0,URFD,adl-07,subj-03,cam0,bending,0,none,datasets/raw/urfd/adl-07-cam0.mp4,dev,CC-BY-NC-SA-4.0,0b346e78321c0cdfd281a19f3f4fd9cb6d61ed27f4caa1a955ac182c5b66a954,180,30.00,6.000,640,240,1,,,,Tying shoe
urfd-adl-08-cam0,URFD,adl-08,subj-03,cam0,lying,0,none,datasets/raw/urfd/adl-08-cam0.mp4,dev,CC-BY-NC-SA-4.0,85ae4a3c4539b1bcbb9542ae530f1c1b1ebc0c02124fa417d95f7944789dfa75,180,30.00,6.000,640,240,1,,,,Resting on floor mat
urfd-adl-09-cam0,URFD,adl-09,subj-03,cam0,walking,0,none,datasets/raw/urfd/adl-09-cam0.mp4,dev,CC-BY-NC-SA-4.0,6a54b645ff4207cbcb22043f3ab84c22e14261e237418f2cb9ea23b1c8f39672,150,30.00,5.000,640,240,1,,,,Walking slowly
urfd-adl-10-cam0,URFD,adl-10,subj-04,cam0,sitting,0,none,datasets/raw/urfd/adl-10-cam0.mp4,dev,CC-BY-NC-SA-4.0,e8720d9d36f21c2e3222109b92d564ad3f1153927a9cf69dbd0eba0fcd003a23,300,30.00,10.000,640,240,1,,,,Sitting and reading
urfd-adl-11-cam0,URFD,adl-11,subj-04,cam0,bending,0,none,datasets/raw/urfd/adl-11-cam0.mp4,dev,CC-BY-NC-SA-4.0,c798947d701b303ded1ed2b799a1423056564a71fe208639e517adc56ddfad7e,300,30.00,10.000,640,240,1,,,,Bending to look under table
urfd-adl-12-cam0,URFD,adl-12,subj-04,cam0,lying,0,none,datasets/raw/urfd/adl-12-cam0.mp4,dev,CC-BY-NC-SA-4.0,77506f291304616dd5a1a7940ad43acbc5e1debccf675638eea3cea5d9481b42,250,30.00,8.333,640,240,1,,,,Lying down to sleep
urfd-adl-13-cam0,URFD,adl-13,subj-05,cam0,walking,0,none,datasets/raw/urfd/adl-13-cam0.mp4,dev,CC-BY-NC-SA-4.0,80a371d2cdbf5dcf277b7aa45539da6c04b778192aba45f0873a428b4d16727a,265,30.00,8.833,640,240,1,,,,Carrying groceries
urfd-adl-14-cam0,URFD,adl-14,subj-05,cam0,sitting,0,none,datasets/raw/urfd/adl-14-cam0.mp4,dev,CC-BY-NC-SA-4.0,d3d2f3e54b52da1d43b0445eb2f914cc1ea6922330dacb6f55ef65da3065b44e,235,30.00,7.833,640,240,1,,,,Sitting down abruptly
urfd-adl-15-cam0,URFD,adl-15,subj-05,cam0,bending,0,none,datasets/raw/urfd/adl-15-cam0.mp4,dev,CC-BY-NC-SA-4.0,202d009146a01f8cd367e89dab06866082f59f12934a72898bbe450b65d61768,275,30.00,9.167,640,240,1,,,,Bending forward
urfd-adl-16-cam0,URFD,adl-16,subj-06,cam0,lying,0,none,datasets/raw/urfd/adl-16-cam0.mp4,dev,CC-BY-NC-SA-4.0,9eb9d093c0fe04344591b2c2caf0d7d6204189d58a4a160b76d7eed7bf3b0f55,240,30.00,8.000,640,240,1,,,,Gentle lie down on rug
urfd-adl-17-cam0,URFD,adl-17,subj-06,cam0,walking,0,none,datasets/raw/urfd/adl-17-cam0.mp4,dev,CC-BY-NC-SA-4.0,ef2564f6680a4a2b790c67d562a77737ee005d8b0d8ab6c1ce92f83123100c93,230,30.00,7.667,640,240,1,,,,Walking with cane
urfd-adl-18-cam0,URFD,adl-18,subj-06,cam0,sitting,0,none,datasets/raw/urfd/adl-18-cam0.mp4,dev,CC-BY-NC-SA-4.0,38710e818ebef54609801f1af69c513d23a78a72b5793247aa3e052965fd63f6,265,30.00,8.833,640,240,1,,,,Sitting on low stool
urfd-adl-19-cam0,URFD,adl-19,subj-06,cam0,bending,0,none,datasets/raw/urfd/adl-19-cam0.mp4,dev,CC-BY-NC-SA-4.0,4152673f37405d293ed911850742fadb367e7f0d8fafed28211b4f812802ebcd,250,30.00,8.333,640,240,1,,,,Reaching for lower shelf
urfd-adl-20-cam0,URFD,adl-20,subj-06,cam0,lying,0,none,datasets/raw/urfd/adl-20-cam0.mp4,dev,CC-BY-NC-SA-4.0,7524782dca9a9ee7a6cd215514bef372e132a3c9e7ad4786ea073560496ecc39,270,30.00,9.000,640,240,1,,,,Lying down
urfd-adl-21-cam0,URFD,adl-21,subj-06,cam0,walking,0,none,datasets/raw/urfd/adl-21-cam0.mp4,dev,CC-BY-NC-SA-4.0,aa6a682ae5dd200cbc6b70592396edeec06a6ea356cdd81eb570a0a75499f0a2,280,30.00,9.333,640,240,1,,,,Fast walking
urfd-adl-22-cam0,URFD,adl-22,subj-06,cam0,sitting,0,none,datasets/raw/urfd/adl-22-cam0.mp4,dev,CC-BY-NC-SA-4.0,4e390eaba4ba23fc4a60ca8072e6a47254b8a340e6d9f6afe32d4fc617fadc65,240,30.00,8.000,640,240,1,,,,Sitting on sofa
urfd-adl-23-cam0,URFD,adl-23,subj-06,cam0,bending,0,none,datasets/raw/urfd/adl-23-cam0.mp4,dev,CC-BY-NC-SA-4.0,5478ba6cc9ab95b3ee865ae619cc26d29b1f7e1280a0ce10bf5596fd85117926,220,30.00,7.333,640,240,1,,,,Bending sideways
urfd-adl-24-cam0,URFD,adl-24,subj-06,cam0,lying,0,none,datasets/raw/urfd/adl-24-cam0.mp4,dev,CC-BY-NC-SA-4.0,d1fcf55cc095f7e15958768301c54816e2ba3745902192746bce7615d08121a9,70,30.00,2.333,640,240,1,,,,Lying down on bed
urfd-adl-25-cam0,URFD,adl-25,subj-07,cam0,walking,0,none,datasets/raw/urfd/adl-25-cam0.mp4,test,CC-BY-NC-SA-4.0,243a9c9d04a58bc7f32e51bb608844a02ca0e966619f7d26272047c0ed5ef7bb,110,30.00,3.667,640,240,1,,,,Held-out test ADL
urfd-adl-26-cam0,URFD,adl-26,subj-07,cam0,sitting,0,none,datasets/raw/urfd/adl-26-cam0.mp4,test,CC-BY-NC-SA-4.0,d0bd6d7495adeeca01e7d167d005b87c2ee1c31319be2541375e8386511f5ec3,95,30.00,3.167,640,240,1,,,,Held-out test ADL
urfd-adl-27-cam0,URFD,adl-27,subj-07,cam0,bending,0,none,datasets/raw/urfd/adl-27-cam0.mp4,test,CC-BY-NC-SA-4.0,10467f717f75e2b4a13c4112961f1fd759483a3255cc9c4a51d11867773cef7d,100,30.00,3.333,640,240,1,,,,Held-out test ADL
urfd-adl-28-cam0,URFD,adl-28,subj-07,cam0,lying,0,none,datasets/raw/urfd/adl-28-cam0.mp4,test,CC-BY-NC-SA-4.0,cb65cc38f7f15c34e5678b91dbb48b4ec57bfb9c71e875f648aebe3788834536,85,30.00,2.833,640,240,1,,,,Held-out test ADL
urfd-adl-29-cam0,URFD,adl-29,subj-08,cam0,walking,0,none,datasets/raw/urfd/adl-29-cam0.mp4,test,CC-BY-NC-SA-4.0,d6fad7b0cdf5bcf0edd1a8b698f16a3787d8ad5aa1724569395438b2ff28f269,125,30.00,4.167,640,240,1,,,,Held-out test ADL
urfd-adl-30-cam0,URFD,adl-30,subj-08,cam0,sitting,0,none,datasets/raw/urfd/adl-30-cam0.mp4,test,CC-BY-NC-SA-4.0,ed5734796d4aefee14edf6a078841c05c7d45d60b149b900ea78ff00c67614f4,400,30.00,13.333,640,240,1,,,,Held-out test ADL
urfd-adl-31-cam0,URFD,adl-31,subj-08,cam0,bending,0,none,datasets/raw/urfd/adl-31-cam0.mp4,test,CC-BY-NC-SA-4.0,fb886e065a182ac65673ae5d3e70665eaeca7efc54d66e65de5336994c9fdec9,250,30.00,8.333,640,240,1,,,,Held-out test ADL
urfd-adl-32-cam0,URFD,adl-32,subj-08,cam0,lying,0,none,datasets/raw/urfd/adl-32-cam0.mp4,test,CC-BY-NC-SA-4.0,cd788210d3f0f9256b5582294914db56bcdd0bf048e7dc9e8a16d6626a77e3a1,200,30.00,6.667,640,240,1,,,,Held-out test ADL
urfd-adl-33-cam0,URFD,adl-33,subj-09,cam0,walking,0,none,datasets/raw/urfd/adl-33-cam0.mp4,test,CC-BY-NC-SA-4.0,8dff4eaeb8f57b465c4c34534606b968dc18aacfbc21f096eaced78f1a569c98,200,30.00,6.667,640,240,1,,,,Held-out test ADL
urfd-adl-34-cam0,URFD,adl-34,subj-09,cam0,sitting,0,none,datasets/raw/urfd/adl-34-cam0.mp4,test,CC-BY-NC-SA-4.0,0900de434a17473ecb6272571f33595e0b449887cf68865424b189236ee632e2,191,30.00,6.367,640,240,1,,,,Held-out test ADL
urfd-adl-35-cam0,URFD,adl-35,subj-09,cam0,bending,0,none,datasets/raw/urfd/adl-35-cam0.mp4,test,CC-BY-NC-SA-4.0,22b76aa84f4d031263912d51791cbb68dcc9f8f24ca8aa3101b1a8aa6d650d79,280,30.00,9.333,640,240,1,,,,Held-out test ADL
urfd-adl-36-cam0,URFD,adl-36,subj-09,cam0,lying,0,none,datasets/raw/urfd/adl-36-cam0.mp4,test,CC-BY-NC-SA-4.0,59a1e72bca5b58e14b1f21537ce2ee85b4206528d49cdf977c55a48a36d0b913,340,30.00,11.333,640,240,1,,,,Held-out test ADL
urfd-adl-37-cam0,URFD,adl-37,subj-10,cam0,walking,0,none,datasets/raw/urfd/adl-37-cam0.mp4,test,CC-BY-NC-SA-4.0,a93e41c90edf40801a515ba3c5d462d49d71806e8ca92f011601fba270477b41,350,30.00,11.667,640,240,1,,,,Held-out test ADL
urfd-adl-38-cam0,URFD,adl-38,subj-10,cam0,sitting,0,none,datasets/raw/urfd/adl-38-cam0.mp4,test,CC-BY-NC-SA-4.0,7c85e0c6b9ad7e5b9b2cfc68112e2c18d83c9a3ea9f1b3b56a5e8f4855a234af,345,30.00,11.500,640,240,1,,,,Held-out test ADL
urfd-adl-39-cam0,URFD,adl-39,subj-10,cam0,bending,0,none,datasets/raw/urfd/adl-39-cam0.mp4,test,CC-BY-NC-SA-4.0,34fb1ef5e81a450b2680acc50df5b783927410b393e6a7af79dc92dd1dcc6f1e,270,30.00,9.000,640,240,1,,,,Held-out test ADL
urfd-adl-40-cam0,URFD,adl-40,subj-10,cam0,lying,0,none,datasets/raw/urfd/adl-40-cam0.mp4,test,CC-BY-NC-SA-4.0,e47cd358238c17200f3521bf67e0fda539edd893629a9efb9dc5b435cc14dca9,330,30.00,11.000,640,240,1,,,,Held-out test ADL
urfd-fall-01-cam0,URFD,fall-01,subj-01,cam0,fall,1,slip,datasets/raw/urfd/fall-01-cam0.mp4,dev,CC-BY-NC-SA-4.0,5fcb77e5b5a35d73ab8cda856ea58bd9e6acd7552e16fc6d22a623556bee76bc,160,30.00,5.333,640,240,1,83,112,113,Forward slip onto floor
urfd-fall-02-cam0,URFD,fall-02,subj-01,cam0,fall,1,trip,datasets/raw/urfd/fall-02-cam0.mp4,dev,CC-BY-NC-SA-4.0,4135a85724b5be8a248427cf49d4f28950cc1d2201434cf99f776fb4bbfd77b7,110,30.00,3.667,640,240,1,40,69,70,Trip while walking
urfd-fall-03-cam0,URFD,fall-03,subj-01,cam0,fall,1,faint,datasets/raw/urfd/fall-03-cam0.mp4,dev,CC-BY-NC-SA-4.0,6496581c9408ad87e7bbd75317e7112cb01b66755310990effa68a4badad2aff,215,30.00,7.167,640,240,1,148,177,178,Loss of consciousness collapse
urfd-fall-04-cam0,URFD,fall-04,subj-02,cam0,fall,1,slip,datasets/raw/urfd/fall-04-cam0.mp4,dev,CC-BY-NC-SA-4.0,3cee6b1d27192184b299cce8fe289f013b1d69b89ba7bc92c025da849b10cece,96,30.00,3.200,640,240,1,14,43,44,Backward slip
urfd-fall-05-cam0,URFD,fall-05,subj-02,cam0,fall,1,trip,datasets/raw/urfd/fall-05-cam0.mp4,dev,CC-BY-NC-SA-4.0,66ab179b17b12c240420ca5f9f95b73dbb922921d699009078dc61d8893c0c63,151,30.00,5.033,640,240,1,79,108,109,Lateral trip
urfd-fall-06-cam0,URFD,fall-06,subj-02,cam0,fall,1,faint,datasets/raw/urfd/fall-06-cam0.mp4,dev,CC-BY-NC-SA-4.0,66baa523914a199f1da70e476ba649a93c9046595b74606f854dc4267e596cca,100,30.00,3.333,640,240,1,11,40,41,Vertical collapse
urfd-fall-07-cam0,URFD,fall-07,subj-03,cam0,fall,1,slip,datasets/raw/urfd/fall-07-cam0.mp4,dev,CC-BY-NC-SA-4.0,7dff29fad343856c2cc20c0bd1ab6b7ef749d75b916d75fc68cf0861793b39cd,156,30.00,5.200,640,240,1,85,114,115,Slip with chair contact
urfd-fall-08-cam0,URFD,fall-08,subj-03,cam0,fall,1,trip,datasets/raw/urfd/fall-08-cam0.mp4,dev,CC-BY-NC-SA-4.0,365d74ac9651b7dc7d61571614d4195d1517047ec0133330b5328ed0fe13055a,91,30.00,3.033,640,240,1,30,59,60,Forward trip
urfd-fall-09-cam0,URFD,fall-09,subj-03,cam0,fall,1,faint,datasets/raw/urfd/fall-09-cam0.mp4,dev,CC-BY-NC-SA-4.0,28061e57e2daf23dd3cfc1a79d43800035035285b89170b7304a652d910f63e4,185,30.00,6.167,640,240,1,121,150,151,Slow knees-first collapse
urfd-fall-10-cam0,URFD,fall-10,subj-04,cam0,fall,1,slip,datasets/raw/urfd/fall-10-cam0.mp4,dev,CC-BY-NC-SA-4.0,2e077041e7f929ce120fc4c4f2c1e7421b9826c52d5d776c7341c67cf125095b,130,30.00,4.333,640,240,1,40,69,70,Rapid backward fall
urfd-fall-11-cam0,URFD,fall-11,subj-04,cam0,fall,1,trip,datasets/raw/urfd/fall-11-cam0.mp4,dev,CC-BY-NC-SA-4.0,d1274781ac2fb6f57d40b0337ab77573c882d06f86f5604073eb1568794382b4,130,30.00,4.333,640,240,1,49,78,79,Forward stumble fall
urfd-fall-12-cam0,URFD,fall-12,subj-04,cam0,fall,1,faint,datasets/raw/urfd/fall-12-cam0.mp4,dev,CC-BY-NC-SA-4.0,e3f463e492ff3d3119c318c4b24796c98e673a66d311c7eaa827be9c80b93e78,110,30.00,3.667,640,240,1,25,54,55,Sideways faint
urfd-fall-13-cam0,URFD,fall-13,subj-05,cam0,fall,1,slip,datasets/raw/urfd/fall-13-cam0.mp4,dev,CC-BY-NC-SA-4.0,172dee7c199de98348430713c5e8ad2c8be04ba38f7e6391c3c22047f968a024,85,30.00,2.833,640,240,1,44,73,74,Slip while turning
urfd-fall-14-cam0,URFD,fall-14,subj-05,cam0,fall,1,trip,datasets/raw/urfd/fall-14-cam0.mp4,dev,CC-BY-NC-SA-4.0,3c38f85993855f27d0549c369f89fde0449be50152cb9cdc06e6ab11f66fe10b,61,30.00,2.033,640,240,1,16,45,46,Trip over carpet
urfd-fall-15-cam0,URFD,fall-15,subj-05,cam0,fall,1,faint,datasets/raw/urfd/fall-15-cam0.mp4,dev,CC-BY-NC-SA-4.0,85dd08909fb62efeb736ac159c595398521d8c70b7537663884dbd3b2dc583d9,71,30.00,2.367,640,240,1,28,57,58,Direct vertical fall
urfd-fall-16-cam0,URFD,fall-16,subj-06,cam0,fall,1,slip,datasets/raw/urfd/fall-16-cam0.mp4,dev,CC-BY-NC-SA-4.0,0ef51830d8573303eb2e5d2ea897f7bcf619843e570fc84aba0cd3d3c8c9a0b2,55,30.00,1.833,640,240,1,17,46,47,Backward loss of balance
urfd-fall-17-cam0,URFD,fall-17,subj-06,cam0,fall,1,trip,datasets/raw/urfd/fall-17-cam0.mp4,dev,CC-BY-NC-SA-4.0,ddb718f5064344abd56711d7ba2802e2e8a998d7433285a0732745681ffd9387,95,30.00,3.167,640,240,1,59,88,89,Obstacle trip
urfd-fall-18-cam0,URFD,fall-18,subj-06,cam0,fall,1,faint,datasets/raw/urfd/fall-18-cam0.mp4,dev,CC-BY-NC-SA-4.0,5a6844e3644f472b3859448ddb9a4c8ca9dd761a623660a06c4220ee5267d412,65,30.00,2.167,640,240,1,16,45,46,Faint collapse
urfd-fall-19-cam0,URFD,fall-19,subj-07,cam0,fall,1,slip,datasets/raw/urfd/fall-19-cam0.mp4,test,CC-BY-NC-SA-4.0,4013d44890d255c72fa981a9a43dbc449ae5940008341f7a907ecb233260e791,100,30.00,3.333,640,240,1,25,54,55,Held-out test fall
urfd-fall-20-cam0,URFD,fall-20,subj-07,cam0,fall,1,trip,datasets/raw/urfd/fall-20-cam0.mp4,test,CC-BY-NC-SA-4.0,01b27ea414b18f3a71e6d0f4e3cf1e1f9999dfd4a8af1b2c7dde74a5f0e0a5c3,110,30.00,3.667,640,240,1,18,47,48,Held-out test fall
urfd-fall-21-cam0,URFD,fall-21,subj-07,cam0,fall,1,faint,datasets/raw/urfd/fall-21-cam0.mp4,test,CC-BY-NC-SA-4.0,d64f76acc663d75dc749e82c07e018a0d1a6beae51f9de930ef35abda27e9525,55,30.00,1.833,640,240,1,21,50,51,Held-out test fall
urfd-fall-22-cam0,URFD,fall-22,subj-08,cam0,fall,1,slip,datasets/raw/urfd/fall-22-cam0.mp4,test,CC-BY-NC-SA-4.0,e352a59c371aee46a2967bc239ba478b5779a4eff821360efa005c60a6150508,56,30.00,1.867,640,240,1,4,33,34,Held-out test fall
urfd-fall-23-cam0,URFD,fall-23,subj-08,cam0,fall,1,trip,datasets/raw/urfd/fall-23-cam0.mp4,test,CC-BY-NC-SA-4.0,b1b651197df7da6d86124dc8bc8f24781fe67f77fb4ae4087307e5bbe882c03a,75,30.00,2.500,640,240,1,27,56,57,Held-out test fall
urfd-fall-24-cam0,URFD,fall-24,subj-08,cam0,fall,1,faint,datasets/raw/urfd/fall-24-cam0.mp4,test,CC-BY-NC-SA-4.0,a5e5738d50b8b58b8be9cd6e0410597b0b03a7d525c5cf3bda89cb1f74943a74,60,30.00,2.000,640,240,1,12,41,42,Held-out test fall
urfd-fall-25-cam0,URFD,fall-25,subj-09,cam0,fall,1,slip,datasets/raw/urfd/fall-25-cam0.mp4,test,CC-BY-NC-SA-4.0,577514392376ef99da3923e39687eb0d4ec457e4bd88b13fc95326a719ec6aca,85,30.00,2.833,640,240,1,45,74,75,Held-out test fall
urfd-fall-26-cam0,URFD,fall-26,subj-09,cam0,fall,1,trip,datasets/raw/urfd/fall-26-cam0.mp4,test,CC-BY-NC-SA-4.0,10c4bbfc0386e6e69b3fe468c4f60f32289a0ef9b2a636b847efbd23b6bef702,61,30.00,2.033,640,240,1,13,42,43,Held-out test fall
urfd-fall-27-cam0,URFD,fall-27,subj-09,cam0,fall,1,faint,datasets/raw/urfd/fall-27-cam0.mp4,test,CC-BY-NC-SA-4.0,b5808f3cdd6e042258721251a68d2c4ebf151e6f295da4399863f2d458749a9e,92,30.00,3.067,640,240,1,51,80,81,Held-out test fall
urfd-fall-28-cam0,URFD,fall-28,subj-10,cam0,fall,1,slip,datasets/raw/urfd/fall-28-cam0.mp4,test,CC-BY-NC-SA-4.0,da34680083af41e53b442a99dbde2d6e7dfcaa3adf710d1333867c2a4003bc06,66,30.00,2.200,640,240,1,27,56,57,Held-out test fall
urfd-fall-29-cam0,URFD,fall-29,subj-10,cam0,fall,1,trip,datasets/raw/urfd/fall-29-cam0.mp4,test,CC-BY-NC-SA-4.0,58be35bb10fb3d7eaa505681989f0d110fe20440f139607f6f010a9aa6abfd32,99,30.00,3.300,640,240,1,49,78,79,Held-out test fall
urfd-fall-30-cam0,URFD,fall-30,subj-10,cam0,fall,1,faint,datasets/raw/urfd/fall-30-cam0.mp4,test,CC-BY-NC-SA-4.0,6a0ac821b596c6d01aaeab3e26865990750d09530a02f613e141faf9b51f80e2,70,30.00,2.333,640,240,1,25,54,55,Held-out test fall
